{"name":"Dashboard","description":"Dashboard","pathmatch":"\/my\/","enabled":"1","sortorder":"4","configdata":"{\"placement\":\"right\",\"orphan\":\"0\",\"backdrop\":\"0\",\"reflex\":\"0\",\"filtervalues\":{\"category\":[],\"course\":[\"0\"],\"courseformat\":[],\"role\":[],\"theme\":[]},\"majorupdatetime\":1524569333}","version":"2017111300","steps":[{"title":"Dashboard","content":"Dashboard","targettype":"0","targetvalue":"#id_leftmenu_dashboard","sortorder":"0","configdata":"{}"},{"title":"Organization Structure","content":"Organization Structure","targettype":"0","targetvalue":"#id_leftmenu_departments","sortorder":"1","configdata":"{}"},{"title":"Manage Users","content":"Manage Users","targettype":"0","targetvalue":"#id_leftmenu_users","sortorder":"2","configdata":"{}"},{"title":"Assign Roles","content":"Assign Roles","targettype":"0","targetvalue":"#id_leftmenu_assign_roles","sortorder":"3","configdata":"{}"},{"title":"Manage Groups","content":"Manage Groups","targettype":"0","targetvalue":"#id_leftmenu_groups","sortorder":"4","configdata":"{}"},{"title":"Manage Categories","content":"Manage Categories","targettype":"0","targetvalue":"#id_leftmenu_categories","sortorder":"5","configdata":"{}"},{"title":"Manage Courses","content":"Manage Courses","targettype":"0","targetvalue":"#id_leftmenu_browsecourses","sortorder":"6","configdata":"{}"},{"title":"Manage Classrooms","content":"Manage Classrooms","targettype":"0","targetvalue":"#id_leftmenu_browseclassrooms","sortorder":"7","configdata":"{}"},{"title":"Manage Programs","content":"Manage Programs","targettype":"0","targetvalue":"#id_leftmenu_browseprograms","sortorder":"8","configdata":"{}"},{"title":"Manage Certificates","content":"Manage Certificates","targettype":"0","targetvalue":"#id_leftmenu_browsecertifications","sortorder":"9","configdata":"{}"},{"title":"Manage Learning Path","content":"Manage Learning Path","targettype":"0","targetvalue":"#id_leftmenu_learningplans","sortorder":"10","configdata":"{}"},{"title":"Manage Online Exams","content":"Manage Online Exams","targettype":"0","targetvalue":"#id_leftmenu_browseonlinetests","sortorder":"11","configdata":"{}"},{"title":"Manage Feedbacks","content":"Manage Feedbacks","targettype":"0","targetvalue":"#id_leftmenu_browseevaluations","sortorder":"12","configdata":"{}"},{"title":"My Competencies","content":"My Competencies","targettype":"0","targetvalue":"#id_leftmenu_browsecompetency","sortorder":"13","configdata":"{}"},{"title":"Manage Forums","content":"Manage Forums","targettype":"0","targetvalue":"#id_leftmenu_browseforums","sortorder":"14","configdata":"{}"},{"title":"Manage Requests","content":"Manage Requests","targettype":"0","targetvalue":"#id_leftmenu_browserequests","sortorder":"15","configdata":"{}"},{"title":"Search","content":"Search","targettype":"0","targetvalue":"#id_leftmenu_calalogue","sortorder":"16","configdata":"{}"},{"title":"Lectures","content":"Lectures","targettype":"0","targetvalue":"li.pull-left.user_nav_div.trainer_classroom.row-fluid","sortorder":"17","configdata":"{}"},{"title":"Notifications","content":"Notifications","targettype":"0","targetvalue":"#id_leftmenu_notifications","sortorder":"18","configdata":"{}"},{"title":"Site Administration","content":"Site Administration","targettype":"0","targetvalue":"#id_leftmenu_adminstration","sortorder":"19","configdata":"{}"},{"title":"Create Users","content":"Create Users","targettype":"0","targetvalue":"a.quick_nav_link.goto_local_users","sortorder":"20","configdata":"{}"},{"title":"View Users","content":"View Users","targettype":"0","targetvalue":"a.viewlink","sortorder":"21","configdata":"{}"}]}